Datetime,Open,High,Low,Close,Volume,Dividends,Stock Splits
2024-12-05 01:00:00+00:00,26.299999237060547,26.450000762939453,26.299999237060547,26.450000762939453,0,0.0,0.0
2024-12-05 01:05:00+00:00,26.200000762939453,26.200000762939453,26.200000762939453,26.200000762939453,1986,0.0,0.0
2024-12-05 01:10:00+00:00,26.299999237060547,26.299999237060547,26.299999237060547,26.299999237060547,4000,0.0,0.0
2024-12-05 01:15:00+00:00,26.200000762939453,26.200000762939453,26.200000762939453,26.200000762939453,1050,0.0,0.0
2024-12-05 01:20:00+00:00,26.200000762939453,26.200000762939453,26.200000762939453,26.200000762939453,5000,0.0,0.0
2024-12-05 01:25:00+00:00,26.200000762939453,26.350000381469727,26.149999618530273,26.299999237060547,10001,0.0,0.0
2024-12-05 01:35:00+00:00,26.149999618530273,26.149999618530273,26.149999618530273,26.149999618530273,1000,0.0,0.0
2024-12-05 01:45:00+00:00,26.149999618530273,26.149999618530273,26.100000381469727,26.100000381469727,8000,0.0,0.0
2024-12-05 01:55:00+00:00,26.100000381469727,26.100000381469727,26.0,26.0,6000,0.0,0.0
2024-12-05 02:00:00+00:00,26.0,26.25,26.0,26.25,2000,0.0,0.0
2024-12-05 02:05:00+00:00,26.049999237060547,26.049999237060547,26.049999237060547,26.049999237060547,2000,0.0,0.0
2024-12-05 02:15:00+00:00,26.049999237060547,26.049999237060547,26.049999237060547,26.049999237060547,1000,0.0,0.0
2024-12-05 02:25:00+00:00,26.100000381469727,26.100000381469727,26.100000381469727,26.100000381469727,1000,0.0,0.0
2024-12-05 02:30:00+00:00,26.25,26.25,26.25,26.25,3000,0.0,0.0
2024-12-05 02:35:00+00:00,26.100000381469727,26.100000381469727,26.049999237060547,26.049999237060547,3000,0.0,0.0
2024-12-05 02:45:00+00:00,26.049999237060547,26.049999237060547,26.049999237060547,26.049999237060547,8000,0.0,0.0
2024-12-05 02:50:00+00:00,26.0,26.0,26.0,26.0,3001,0.0,0.0
2024-12-05 02:55:00+00:00,26.0,26.0,26.0,26.0,1000,0.0,0.0
2024-12-05 03:05:00+00:00,26.0,26.0,26.0,26.0,1000,0.0,0.0
2024-12-05 03:15:00+00:00,26.0,26.0,26.0,26.0,1000,0.0,0.0
2024-12-05 03:25:00+00:00,26.0,26.0,26.0,26.0,1051,0.0,0.0
2024-12-05 03:35:00+00:00,26.0,26.0,26.0,26.0,1980,0.0,0.0
2024-12-05 03:45:00+00:00,25.950000762939453,25.950000762939453,25.950000762939453,25.950000762939453,1101,0.0,0.0
2024-12-05 03:55:00+00:00,25.950000762939453,25.950000762939453,25.950000762939453,25.950000762939453,1175,0.0,0.0
2024-12-05 04:00:00+00:00,25.950000762939453,25.950000762939453,25.950000762939453,25.950000762939453,1000,0.0,0.0
2024-12-05 04:05:00+00:00,25.950000762939453,25.950000762939453,25.950000762939453,25.950000762939453,3000,0.0,0.0
2024-12-05 04:10:00+00:00,25.950000762939453,26.049999237060547,25.950000762939453,26.049999237060547,13000,0.0,0.0
2024-12-05 04:15:00+00:00,25.950000762939453,25.950000762939453,25.950000762939453,25.950000762939453,1000,0.0,0.0
2024-12-05 04:25:00+00:00,26.0,26.0,26.0,26.0,1000,0.0,0.0
2024-12-05 04:35:00+00:00,26.0,26.0,26.0,26.0,3000,0.0,0.0
2024-12-05 04:40:00+00:00,25.950000762939453,25.950000762939453,25.950000762939453,25.950000762939453,1000,0.0,0.0
2024-12-05 04:45:00+00:00,26.200000762939453,26.200000762939453,25.950000762939453,25.950000762939453,3100,0.0,0.0
2024-12-05 04:50:00+00:00,25.950000762939453,25.950000762939453,25.950000762939453,25.950000762939453,1000,0.0,0.0
2024-12-05 04:55:00+00:00,25.899999618530273,25.899999618530273,25.899999618530273,25.899999618530273,5000,0.0,0.0
2024-12-05 05:00:00+00:00,25.850000381469727,25.850000381469727,25.850000381469727,25.850000381469727,2000,0.0,0.0
2024-12-05 05:10:00+00:00,25.850000381469727,25.899999618530273,25.850000381469727,25.899999618530273,2050,0.0,0.0
2024-12-05 05:20:00+00:00,25.850000381469727,25.850000381469727,25.850000381469727,25.850000381469727,1000,0.0,0.0
2024-12-06 01:00:00+00:00,25.850000381469727,25.850000381469727,25.850000381469727,25.850000381469727,0,0.0,0.0
2024-12-06 01:05:00+00:00,25.799999237060547,25.799999237060547,25.799999237060547,25.799999237060547,1000,0.0,0.0
2024-12-06 01:15:00+00:00,25.850000381469727,25.850000381469727,25.850000381469727,25.850000381469727,2001,0.0,0.0
2024-12-06 01:20:00+00:00,25.850000381469727,25.850000381469727,25.850000381469727,25.850000381469727,1002,0.0,0.0
2024-12-06 01:25:00+00:00,25.850000381469727,25.850000381469727,25.799999237060547,25.799999237060547,8020,0.0,0.0
2024-12-06 01:35:00+00:00,25.850000381469727,25.850000381469727,25.850000381469727,25.850000381469727,1000,0.0,0.0
2024-12-06 01:40:00+00:00,25.850000381469727,25.850000381469727,25.850000381469727,25.850000381469727,7000,0.0,0.0
2024-12-06 01:45:00+00:00,25.799999237060547,25.850000381469727,25.799999237060547,25.850000381469727,6000,0.0,0.0
2024-12-06 01:55:00+00:00,25.850000381469727,25.850000381469727,25.850000381469727,25.850000381469727,1000,0.0,0.0
2024-12-06 02:05:00+00:00,25.850000381469727,25.850000381469727,25.850000381469727,25.850000381469727,1000,0.0,0.0
2024-12-06 02:15:00+00:00,25.799999237060547,25.799999237060547,25.799999237060547,25.799999237060547,1076,0.0,0.0
2024-12-06 02:25:00+00:00,25.799999237060547,25.799999237060547,25.799999237060547,25.799999237060547,1000,0.0,0.0
2024-12-06 02:35:00+00:00,25.850000381469727,25.850000381469727,25.850000381469727,25.850000381469727,2000,0.0,0.0
2024-12-06 02:40:00+00:00,25.799999237060547,25.799999237060547,25.799999237060547,25.799999237060547,5000,0.0,0.0
2024-12-06 02:50:00+00:00,25.75,25.75,25.75,25.75,1000,0.0,0.0
2024-12-06 03:00:00+00:00,25.75,25.75,25.75,25.75,1000,0.0,0.0
2024-12-06 03:10:00+00:00,25.75,25.75,25.75,25.75,1000,0.0,0.0
2024-12-06 03:15:00+00:00,25.75,25.75,25.75,25.75,1200,0.0,0.0
2024-12-06 03:20:00+00:00,25.700000762939453,25.700000762939453,25.700000762939453,25.700000762939453,2000,0.0,0.0
2024-12-06 03:25:00+00:00,25.75,25.75,25.75,25.75,7662,0.0,0.0
2024-12-06 03:30:00+00:00,25.75,25.75,25.75,25.75,1000,0.0,0.0
2024-12-06 03:40:00+00:00,25.75,25.75,25.75,25.75,1000,0.0,0.0
2024-12-06 03:50:00+00:00,25.75,25.75,25.700000762939453,25.700000762939453,6000,0.0,0.0
2024-12-06 04:00:00+00:00,25.700000762939453,25.700000762939453,25.700000762939453,25.700000762939453,1000,0.0,0.0
2024-12-06 04:10:00+00:00,25.75,25.75,25.75,25.75,1000,0.0,0.0
2024-12-06 04:20:00+00:00,25.75,25.75,25.75,25.75,1000,0.0,0.0
2024-12-06 04:25:00+00:00,25.75,25.75,25.75,25.75,2000,0.0,0.0
2024-12-06 04:30:00+00:00,25.75,25.75,25.75,25.75,1000,0.0,0.0
2024-12-06 04:40:00+00:00,25.700000762939453,25.700000762939453,25.700000762939453,25.700000762939453,1001,0.0,0.0
2024-12-06 04:50:00+00:00,25.700000762939453,25.700000762939453,25.700000762939453,25.700000762939453,1200,0.0,0.0
2024-12-06 05:00:00+00:00,25.649999618530273,25.700000762939453,25.649999618530273,25.700000762939453,2000,0.0,0.0
2024-12-06 05:05:00+00:00,25.649999618530273,25.649999618530273,25.649999618530273,25.649999618530273,1150,0.0,0.0
2024-12-06 05:10:00+00:00,25.649999618530273,25.649999618530273,25.649999618530273,25.649999618530273,1000,0.0,0.0
2024-12-06 05:20:00+00:00,25.649999618530273,25.649999618530273,25.649999618530273,25.649999618530273,4350,0.0,0.0
2024-12-09 01:05:00+00:00,25.700000762939453,25.700000762939453,25.700000762939453,25.700000762939453,0,0.0,0.0
2024-12-09 01:30:00+00:00,26.0,26.0,26.0,26.0,2221,0.0,0.0
2024-12-09 02:00:00+00:00,25.700000762939453,25.700000762939453,25.700000762939453,25.700000762939453,3003,0.0,0.0
2024-12-09 02:35:00+00:00,25.649999618530273,25.649999618530273,25.649999618530273,25.649999618530273,2001,0.0,0.0
2024-12-09 03:05:00+00:00,25.649999618530273,25.649999618530273,25.649999618530273,25.649999618530273,4000,0.0,0.0
2024-12-09 03:15:00+00:00,25.700000762939453,25.700000762939453,25.700000762939453,25.700000762939453,1000,0.0,0.0
2024-12-09 03:20:00+00:00,25.75,25.75,25.75,25.75,2001,0.0,0.0
2024-12-09 03:40:00+00:00,25.799999237060547,25.799999237060547,25.799999237060547,25.799999237060547,4000,0.0,0.0
2024-12-09 04:05:00+00:00,25.799999237060547,25.799999237060547,25.799999237060547,25.799999237060547,2001,0.0,0.0
2024-12-09 04:10:00+00:00,25.799999237060547,25.799999237060547,25.799999237060547,25.799999237060547,3000,0.0,0.0
2024-12-09 04:35:00+00:00,25.700000762939453,25.700000762939453,25.649999618530273,25.649999618530273,5101,0.0,0.0
2024-12-09 05:05:00+00:00,25.700000762939453,25.700000762939453,25.700000762939453,25.700000762939453,5250,0.0,0.0
2024-12-10 01:00:00+00:00,25.799999237060547,26.200000762939453,25.799999237060547,26.200000762939453,0,0.0,0.0
2024-12-10 01:05:00+00:00,26.149999618530273,26.200000762939453,26.149999618530273,26.200000762939453,3003,0.0,0.0
2024-12-10 01:10:00+00:00,25.899999618530273,25.899999618530273,25.799999237060547,25.799999237060547,5000,0.0,0.0
2024-12-10 01:15:00+00:00,25.850000381469727,26.049999237060547,25.850000381469727,26.049999237060547,5001,0.0,0.0
2024-12-10 01:20:00+00:00,26.0,26.049999237060547,26.0,26.049999237060547,4000,0.0,0.0
2024-12-10 01:25:00+00:00,26.100000381469727,26.25,26.100000381469727,26.25,22500,0.0,0.0
2024-12-10 01:30:00+00:00,26.100000381469727,26.200000762939453,25.899999618530273,26.200000762939453,5000,0.0,0.0
2024-12-10 01:35:00+00:00,26.200000762939453,26.25,26.200000762939453,26.200000762939453,3000,0.0,0.0
2024-12-10 01:40:00+00:00,26.200000762939453,26.200000762939453,26.200000762939453,26.200000762939453,1000,0.0,0.0
2024-12-10 01:45:00+00:00,26.049999237060547,26.049999237060547,26.0,26.0,5000,0.0,0.0
2024-12-10 01:50:00+00:00,26.0,26.100000381469727,26.0,26.0,7200,0.0,0.0
2024-12-10 01:55:00+00:00,26.0,26.0,26.0,26.0,3000,0.0,0.0
2024-12-10 02:20:00+00:00,26.0,26.0,26.0,26.0,1001,0.0,0.0
2024-12-10 02:30:00+00:00,25.950000762939453,25.950000762939453,25.950000762939453,25.950000762939453,3001,0.0,0.0
2024-12-10 02:40:00+00:00,25.899999618530273,25.899999618530273,25.899999618530273,25.899999618530273,1000,0.0,0.0
2024-12-10 02:45:00+00:00,25.850000381469727,25.850000381469727,25.850000381469727,25.850000381469727,3000,0.0,0.0
2024-12-10 02:50:00+00:00,25.649999618530273,25.649999618530273,25.649999618530273,25.649999618530273,1150,0.0,0.0
2024-12-10 03:00:00+00:00,25.649999618530273,25.649999618530273,25.649999618530273,25.649999618530273,2000,0.0,0.0
2024-12-10 03:15:00+00:00,25.649999618530273,25.649999618530273,25.649999618530273,25.649999618530273,2000,0.0,0.0
2024-12-10 03:20:00+00:00,25.700000762939453,25.700000762939453,25.700000762939453,25.700000762939453,1000,0.0,0.0
2024-12-10 03:30:00+00:00,25.700000762939453,25.700000762939453,25.700000762939453,25.700000762939453,2100,0.0,0.0
2024-12-10 03:45:00+00:00,25.899999618530273,26.200000762939453,25.899999618530273,26.200000762939453,20050,0.0,0.0
2024-12-10 04:20:00+00:00,26.100000381469727,26.149999618530273,26.100000381469727,26.149999618530273,3050,0.0,0.0
2024-12-10 04:40:00+00:00,26.0,26.0,26.0,26.0,3000,0.0,0.0
2024-12-10 05:00:00+00:00,25.950000762939453,25.950000762939453,25.950000762939453,25.950000762939453,1000,0.0,0.0
2024-12-10 05:05:00+00:00,25.950000762939453,25.950000762939453,25.950000762939453,25.950000762939453,3041,0.0,0.0
2024-12-10 05:10:00+00:00,25.950000762939453,25.950000762939453,25.950000762939453,25.950000762939453,2000,0.0,0.0
2024-12-11 01:00:00+00:00,25.950000762939453,26.5,25.950000762939453,26.149999618530273,0,0.0,0.0
2024-12-11 01:45:00+00:00,26.149999618530273,26.149999618530273,25.899999618530273,25.899999618530273,9000,0.0,0.0
2024-12-11 01:50:00+00:00,25.950000762939453,25.950000762939453,25.950000762939453,25.950000762939453,4054,0.0,0.0
2024-12-11 02:00:00+00:00,25.799999237060547,25.799999237060547,25.75,25.75,5063,0.0,0.0
2024-12-11 02:15:00+00:00,25.799999237060547,25.799999237060547,25.799999237060547,25.799999237060547,2055,0.0,0.0
2024-12-11 03:05:00+00:00,25.799999237060547,25.799999237060547,25.799999237060547,25.799999237060547,10030,0.0,0.0
2024-12-11 04:10:00+00:00,25.799999237060547,25.799999237060547,25.799999237060547,25.799999237060547,11015,0.0,0.0
2024-12-11 04:25:00+00:00,25.799999237060547,25.799999237060547,25.799999237060547,25.799999237060547,1150,0.0,0.0
2024-12-11 04:30:00+00:00,25.75,25.75,25.75,25.75,1000,0.0,0.0
2024-12-11 04:40:00+00:00,25.75,25.75,25.75,25.75,1000,0.0,0.0
2024-12-11 04:45:00+00:00,25.75,25.75,25.75,25.75,1000,0.0,0.0
2024-12-11 04:50:00+00:00,25.799999237060547,25.799999237060547,25.799999237060547,25.799999237060547,1000,0.0,0.0
2024-12-11 05:20:00+00:00,25.799999237060547,25.850000381469727,25.799999237060547,25.850000381469727,5004,0.0,0.0
2024-12-12 01:00:00+00:00,25.75,25.75,25.75,25.75,0,0.0,0.0
2024-12-12 01:05:00+00:00,25.950000762939453,26.0,25.950000762939453,26.0,5003,0.0,0.0
2024-12-12 01:15:00+00:00,26.0,26.0,26.0,26.0,5691,0.0,0.0
2024-12-12 01:40:00+00:00,26.0,26.0,26.0,26.0,25095,0.0,0.0
2024-12-12 01:45:00+00:00,26.049999237060547,26.049999237060547,26.049999237060547,26.049999237060547,6055,0.0,0.0
2024-12-12 01:50:00+00:00,26.049999237060547,26.149999618530273,26.049999237060547,26.149999618530273,16062,0.0,0.0
2024-12-12 02:30:00+00:00,26.049999237060547,26.049999237060547,26.049999237060547,26.049999237060547,5076,0.0,0.0
2024-12-12 02:50:00+00:00,26.049999237060547,26.049999237060547,26.0,26.049999237060547,9188,0.0,0.0
2024-12-12 04:05:00+00:00,26.0,26.0,25.950000762939453,26.0,8207,0.0,0.0
2024-12-12 04:30:00+00:00,26.0,26.0,26.0,26.0,4156,0.0,0.0
2024-12-12 05:10:00+00:00,26.0,26.0,26.0,26.0,2000,0.0,0.0
2024-12-13 02:00:00+00:00,25.700000762939453,25.700000762939453,25.600000381469727,25.600000381469727,10000,0.0,0.0
2024-12-13 02:15:00+00:00,25.600000381469727,25.600000381469727,25.600000381469727,25.600000381469727,1000,0.0,0.0
2024-12-13 02:30:00+00:00,25.600000381469727,25.600000381469727,25.600000381469727,25.600000381469727,2141,0.0,0.0
2024-12-13 03:35:00+00:00,25.600000381469727,25.600000381469727,25.600000381469727,25.600000381469727,2000,0.0,0.0
2024-12-13 04:10:00+00:00,25.600000381469727,25.899999618530273,25.600000381469727,25.899999618530273,5673,0.0,0.0
2024-12-13 04:50:00+00:00,25.850000381469727,25.899999618530273,25.850000381469727,25.899999618530273,16200,0.0,0.0
2024-12-13 05:20:00+00:00,25.950000762939453,25.950000762939453,25.950000762939453,25.950000762939453,1000,0.0,0.0
2024-12-16 01:05:00+00:00,26.0,26.0,25.950000762939453,25.950000762939453,0,0.0,0.0
2024-12-16 01:15:00+00:00,26.0,26.0,25.950000762939453,25.950000762939453,3002,0.0,0.0
2024-12-16 01:35:00+00:00,25.75,25.75,25.75,25.75,4001,0.0,0.0
2024-12-16 01:45:00+00:00,25.649999618530273,25.899999618530273,25.649999618530273,25.899999618530273,2000,0.0,0.0
2024-12-16 01:50:00+00:00,25.950000762939453,25.950000762939453,25.950000762939453,25.950000762939453,4002,0.0,0.0
2024-12-16 02:15:00+00:00,25.799999237060547,25.799999237060547,25.799999237060547,25.799999237060547,1000,0.0,0.0
2024-12-16 02:25:00+00:00,25.700000762939453,25.700000762939453,25.700000762939453,25.700000762939453,1626,0.0,0.0
2024-12-16 02:40:00+00:00,25.700000762939453,25.700000762939453,25.700000762939453,25.700000762939453,1000,0.0,0.0
2024-12-16 02:45:00+00:00,25.649999618530273,25.649999618530273,25.649999618530273,25.649999618530273,2001,0.0,0.0
2024-12-16 02:55:00+00:00,25.649999618530273,25.649999618530273,25.600000381469727,25.600000381469727,2000,0.0,0.0
2024-12-16 03:00:00+00:00,25.799999237060547,25.799999237060547,25.799999237060547,25.799999237060547,1000,0.0,0.0
2024-12-16 03:15:00+00:00,25.600000381469727,25.600000381469727,25.600000381469727,25.600000381469727,1000,0.0,0.0
2024-12-16 03:20:00+00:00,25.600000381469727,25.600000381469727,25.600000381469727,25.600000381469727,6000,0.0,0.0
2024-12-16 03:45:00+00:00,25.5,25.5,25.450000762939453,25.5,11000,0.0,0.0
2024-12-16 03:55:00+00:00,25.450000762939453,25.450000762939453,25.450000762939453,25.450000762939453,1000,0.0,0.0
2024-12-16 04:25:00+00:00,25.649999618530273,25.75,25.649999618530273,25.75,11840,0.0,0.0
2024-12-17 01:00:00+00:00,25.75,25.75,25.75,25.75,0,0.0,0.0
2024-12-17 01:15:00+00:00,25.75,25.950000762939453,25.75,25.799999237060547,3000,0.0,0.0
2024-12-17 01:20:00+00:00,25.799999237060547,25.799999237060547,25.799999237060547,25.799999237060547,1432,0.0,0.0
2024-12-17 01:55:00+00:00,25.75,25.75,25.75,25.75,1205,0.0,0.0
2024-12-17 02:00:00+00:00,25.5,25.5,25.5,25.5,3000,0.0,0.0
2024-12-17 02:10:00+00:00,25.5,25.5,25.5,25.5,1007,0.0,0.0
2024-12-17 02:45:00+00:00,25.549999237060547,25.549999237060547,25.549999237060547,25.549999237060547,2000,0.0,0.0
2024-12-17 02:50:00+00:00,25.549999237060547,25.549999237060547,25.549999237060547,25.549999237060547,1000,0.0,0.0
2024-12-17 03:00:00+00:00,25.75,25.75,25.75,25.75,3000,0.0,0.0
2024-12-17 03:15:00+00:00,25.75,25.75,25.75,25.75,8001,0.0,0.0
2024-12-17 03:25:00+00:00,25.600000381469727,25.600000381469727,25.600000381469727,25.600000381469727,5039,0.0,0.0
2024-12-17 04:00:00+00:00,25.649999618530273,25.649999618530273,25.649999618530273,25.649999618530273,5000,0.0,0.0
2024-12-17 04:10:00+00:00,25.649999618530273,25.649999618530273,25.649999618530273,25.649999618530273,1001,0.0,0.0
2024-12-17 04:30:00+00:00,25.649999618530273,25.649999618530273,25.649999618530273,25.649999618530273,2001,0.0,0.0
2024-12-17 04:40:00+00:00,25.649999618530273,25.649999618530273,25.649999618530273,25.649999618530273,2100,0.0,0.0
2024-12-17 04:50:00+00:00,25.799999237060547,25.799999237060547,25.799999237060547,25.799999237060547,1101,0.0,0.0
2024-12-18 01:10:00+00:00,25.600000381469727,25.600000381469727,25.600000381469727,25.600000381469727,3000,0.0,0.0
2024-12-18 01:15:00+00:00,25.600000381469727,25.600000381469727,25.600000381469727,25.600000381469727,3000,0.0,0.0
2024-12-18 01:45:00+00:00,25.899999618530273,25.899999618530273,25.899999618530273,25.899999618530273,1036,0.0,0.0
2024-12-18 02:00:00+00:00,25.649999618530273,25.649999618530273,25.649999618530273,25.649999618530273,1000,0.0,0.0
2024-12-18 02:15:00+00:00,25.899999618530273,25.899999618530273,25.899999618530273,25.899999618530273,1000,0.0,0.0
2024-12-18 02:50:00+00:00,25.649999618530273,25.649999618530273,25.649999618530273,25.649999618530273,5001,0.0,0.0
2024-12-18 03:05:00+00:00,25.649999618530273,25.649999618530273,25.649999618530273,25.649999618530273,1000,0.0,0.0
2024-12-18 03:10:00+00:00,25.600000381469727,25.600000381469727,25.600000381469727,25.600000381469727,5001,0.0,0.0
2024-12-18 03:15:00+00:00,25.600000381469727,25.600000381469727,25.600000381469727,25.600000381469727,1000,0.0,0.0
2024-12-18 03:20:00+00:00,25.75,25.75,25.75,25.75,2000,0.0,0.0
2024-12-18 03:25:00+00:00,25.799999237060547,25.799999237060547,25.799999237060547,25.799999237060547,6000,0.0,0.0
2024-12-18 03:45:00+00:00,25.700000762939453,25.850000381469727,25.700000762939453,25.850000381469727,3010,0.0,0.0
2024-12-18 04:30:00+00:00,25.75,25.75,25.75,25.75,1000,0.0,0.0
2024-12-18 04:35:00+00:00,25.75,25.799999237060547,25.75,25.799999237060547,5000,0.0,0.0
2024-12-18 04:55:00+00:00,25.75,25.75,25.700000762939453,25.700000762939453,2000,0.0,0.0
2024-12-18 05:05:00+00:00,25.700000762939453,25.75,25.700000762939453,25.75,2001,0.0,0.0
2024-12-18 05:15:00+00:00,25.799999237060547,25.799999237060547,25.799999237060547,25.799999237060547,2100,0.0,0.0
2024-12-18 05:20:00+00:00,25.75,25.75,25.75,25.75,2000,0.0,0.0
2024-12-19 01:00:00+00:00,25.299999237060547,25.350000381469727,25.299999237060547,25.350000381469727,0,0.0,0.0
2024-12-19 01:05:00+00:00,25.850000381469727,25.850000381469727,25.850000381469727,25.850000381469727,1005,0.0,0.0
2024-12-19 01:10:00+00:00,25.700000762939453,25.700000762939453,25.5,25.5,2000,0.0,0.0
2024-12-19 01:15:00+00:00,25.5,25.5,25.5,25.5,8100,0.0,0.0
2024-12-19 01:20:00+00:00,25.450000762939453,25.450000762939453,25.450000762939453,25.450000762939453,1050,0.0,0.0
2024-12-19 01:25:00+00:00,25.450000762939453,25.450000762939453,25.450000762939453,25.450000762939453,1000,0.0,0.0
2024-12-19 01:30:00+00:00,25.450000762939453,25.450000762939453,25.450000762939453,25.450000762939453,2000,0.0,0.0
2024-12-19 01:35:00+00:00,25.649999618530273,25.649999618530273,25.399999618530273,25.399999618530273,2021,0.0,0.0
2024-12-19 02:10:00+00:00,25.549999237060547,25.549999237060547,25.549999237060547,25.549999237060547,1001,0.0,0.0
2024-12-19 02:20:00+00:00,25.450000762939453,25.700000762939453,25.450000762939453,25.700000762939453,13001,0.0,0.0
2024-12-19 02:40:00+00:00,25.549999237060547,25.549999237060547,25.549999237060547,25.549999237060547,1000,0.0,0.0
2024-12-19 02:45:00+00:00,25.549999237060547,25.549999237060547,25.549999237060547,25.549999237060547,1000,0.0,0.0
2024-12-19 02:50:00+00:00,25.549999237060547,25.549999237060547,25.549999237060547,25.549999237060547,1000,0.0,0.0
2024-12-19 02:55:00+00:00,25.549999237060547,25.549999237060547,25.5,25.5,2000,0.0,0.0
2024-12-19 03:00:00+00:00,25.5,25.5,25.5,25.5,1000,0.0,0.0
2024-12-19 03:20:00+00:00,25.5,25.5,25.5,25.5,2000,0.0,0.0
2024-12-19 03:25:00+00:00,25.5,25.5,25.450000762939453,25.5,4021,0.0,0.0
2024-12-19 03:35:00+00:00,25.5,25.5,25.5,25.5,1100,0.0,0.0
2024-12-19 04:00:00+00:00,25.450000762939453,25.450000762939453,25.450000762939453,25.450000762939453,5000,0.0,0.0
2024-12-19 04:05:00+00:00,25.450000762939453,25.450000762939453,25.450000762939453,25.450000762939453,3000,0.0,0.0
2024-12-19 04:10:00+00:00,25.5,25.600000381469727,25.5,25.600000381469727,2000,0.0,0.0
2024-12-19 04:30:00+00:00,25.600000381469727,25.600000381469727,25.600000381469727,25.600000381469727,2000,0.0,0.0
2024-12-19 04:35:00+00:00,25.600000381469727,25.600000381469727,25.5,25.5,4000,0.0,0.0
2024-12-19 04:45:00+00:00,25.450000762939453,25.450000762939453,25.450000762939453,25.450000762939453,1000,0.0,0.0
2024-12-19 05:00:00+00:00,25.450000762939453,25.450000762939453,25.450000762939453,25.450000762939453,1000,0.0,0.0
2024-12-19 05:10:00+00:00,25.450000762939453,25.450000762939453,25.450000762939453,25.450000762939453,1000,0.0,0.0
2024-12-19 05:15:00+00:00,25.450000762939453,25.450000762939453,25.399999618530273,25.399999618530273,10001,0.0,0.0
2024-12-20 01:00:00+00:00,25.25,25.600000381469727,25.25,25.600000381469727,0,0.0,0.0
2024-12-20 01:10:00+00:00,25.299999237060547,25.299999237060547,25.25,25.25,3000,0.0,0.0
2024-12-20 01:20:00+00:00,25.25,25.25,25.25,25.25,1000,0.0,0.0
2024-12-20 01:25:00+00:00,25.25,25.25,25.25,25.25,2000,0.0,0.0
2024-12-20 01:35:00+00:00,25.25,25.25,25.25,25.25,1000,0.0,0.0
2024-12-20 01:45:00+00:00,25.299999237060547,25.299999237060547,25.25,25.25,7000,0.0,0.0
2024-12-20 01:50:00+00:00,25.25,25.25,25.25,25.25,2000,0.0,0.0
2024-12-20 01:55:00+00:00,25.25,25.25,25.25,25.25,3166,0.0,0.0
2024-12-20 02:00:00+00:00,25.200000762939453,25.200000762939453,25.149999618530273,25.149999618530273,13035,0.0,0.0
2024-12-20 02:10:00+00:00,25.149999618530273,25.200000762939453,25.149999618530273,25.200000762939453,6203,0.0,0.0
2024-12-20 02:20:00+00:00,25.100000381469727,25.200000762939453,25.100000381469727,25.200000762939453,3019,0.0,0.0
2024-12-20 02:35:00+00:00,25.200000762939453,25.299999237060547,25.200000762939453,25.299999237060547,3000,0.0,0.0
2024-12-20 02:55:00+00:00,25.200000762939453,25.200000762939453,25.200000762939453,25.200000762939453,3000,0.0,0.0
2024-12-20 03:05:00+00:00,25.149999618530273,25.149999618530273,25.149999618530273,25.149999618530273,2000,0.0,0.0
2024-12-20 03:10:00+00:00,25.100000381469727,25.100000381469727,25.049999237060547,25.049999237060547,6000,0.0,0.0
2024-12-20 03:15:00+00:00,25.049999237060547,25.049999237060547,25.049999237060547,25.049999237060547,1000,0.0,0.0
2024-12-20 03:20:00+00:00,25.049999237060547,25.149999618530273,25.0,25.149999618530273,4000,0.0,0.0
2024-12-20 03:40:00+00:00,25.25,25.25,25.25,25.25,1006,0.0,0.0
2024-12-20 04:00:00+00:00,25.100000381469727,25.100000381469727,25.049999237060547,25.049999237060547,2001,0.0,0.0
2024-12-20 04:10:00+00:00,25.299999237060547,25.299999237060547,25.299999237060547,25.299999237060547,1000,0.0,0.0
2024-12-20 04:15:00+00:00,25.049999237060547,25.049999237060547,25.049999237060547,25.049999237060547,3000,0.0,0.0
2024-12-20 04:25:00+00:00,25.299999237060547,25.299999237060547,25.299999237060547,25.299999237060547,1000,0.0,0.0
2024-12-20 04:30:00+00:00,25.049999237060547,25.299999237060547,25.049999237060547,25.299999237060547,3000,0.0,0.0
2024-12-20 04:45:00+00:00,25.100000381469727,25.100000381469727,25.100000381469727,25.100000381469727,1000,0.0,0.0
2024-12-20 05:00:00+00:00,25.299999237060547,25.299999237060547,25.299999237060547,25.299999237060547,1000,0.0,0.0
2024-12-20 05:10:00+00:00,25.299999237060547,25.299999237060547,25.299999237060547,25.299999237060547,1000,0.0,0.0
2024-12-20 05:15:00+00:00,25.100000381469727,25.100000381469727,25.049999237060547,25.049999237060547,5000,0.0,0.0
2024-12-23 01:00:00+00:00,25.149999618530273,25.5,25.149999618530273,25.149999618530273,0,0.0,0.0
2024-12-23 01:05:00+00:00,25.149999618530273,25.149999618530273,25.149999618530273,25.149999618530273,2165,0.0,0.0
2024-12-23 01:15:00+00:00,25.149999618530273,25.200000762939453,25.100000381469727,25.100000381469727,11000,0.0,0.0
2024-12-23 01:25:00+00:00,25.149999618530273,25.149999618530273,25.149999618530273,25.149999618530273,1000,0.0,0.0
2024-12-23 01:40:00+00:00,25.149999618530273,25.149999618530273,25.149999618530273,25.149999618530273,2001,0.0,0.0
2024-12-23 01:45:00+00:00,25.100000381469727,25.100000381469727,25.100000381469727,25.100000381469727,5252,0.0,0.0
2024-12-23 01:55:00+00:00,25.100000381469727,25.100000381469727,25.100000381469727,25.100000381469727,1000,0.0,0.0
2024-12-23 02:00:00+00:00,25.100000381469727,25.100000381469727,25.100000381469727,25.100000381469727,1070,0.0,0.0
2024-12-23 02:45:00+00:00,25.299999237060547,25.299999237060547,25.299999237060547,25.299999237060547,1676,0.0,0.0
2024-12-23 03:05:00+00:00,25.299999237060547,25.299999237060547,25.299999237060547,25.299999237060547,1013,0.0,0.0
2024-12-23 03:25:00+00:00,25.100000381469727,25.25,25.100000381469727,25.25,2000,0.0,0.0
2024-12-23 03:30:00+00:00,25.100000381469727,25.25,25.049999237060547,25.25,6003,0.0,0.0
2024-12-23 03:50:00+00:00,25.200000762939453,25.200000762939453,25.200000762939453,25.200000762939453,2500,0.0,0.0
2024-12-23 04:55:00+00:00,25.149999618530273,25.149999618530273,25.149999618530273,25.149999618530273,1000,0.0,0.0
2024-12-23 05:00:00+00:00,25.200000762939453,25.200000762939453,25.200000762939453,25.200000762939453,1060,0.0,0.0
2024-12-23 05:05:00+00:00,25.049999237060547,25.25,25.0,25.25,15000,0.0,0.0
2024-12-23 05:10:00+00:00,25.299999237060547,25.299999237060547,25.299999237060547,25.299999237060547,1000,0.0,0.0
2024-12-24 01:00:00+00:00,25.100000381469727,25.100000381469727,25.100000381469727,25.100000381469727,0,0.0,0.0
2024-12-24 01:05:00+00:00,25.100000381469727,25.100000381469727,25.100000381469727,25.100000381469727,1026,0.0,0.0
2024-12-24 01:10:00+00:00,25.149999618530273,25.25,25.149999618530273,25.25,7000,0.0,0.0
2024-12-24 01:40:00+00:00,25.25,25.25,25.25,25.25,6054,0.0,0.0
2024-12-24 02:00:00+00:00,25.200000762939453,25.299999237060547,25.200000762939453,25.299999237060547,2174,0.0,0.0
2024-12-24 03:55:00+00:00,25.149999618530273,25.149999618530273,25.149999618530273,25.149999618530273,1000,0.0,0.0
2024-12-24 04:00:00+00:00,25.149999618530273,25.149999618530273,25.149999618530273,25.149999618530273,1000,0.0,0.0
2024-12-24 04:20:00+00:00,25.149999618530273,25.149999618530273,25.149999618530273,25.149999618530273,3053,0.0,0.0
2024-12-24 04:50:00+00:00,25.149999618530273,25.200000762939453,25.149999618530273,25.200000762939453,3000,0.0,0.0
2024-12-24 04:55:00+00:00,25.100000381469727,25.100000381469727,25.100000381469727,25.100000381469727,1000,0.0,0.0
2024-12-24 05:00:00+00:00,25.100000381469727,25.100000381469727,25.100000381469727,25.100000381469727,1101,0.0,0.0
2024-12-24 05:10:00+00:00,25.049999237060547,25.25,25.049999237060547,25.25,2001,0.0,0.0
2024-12-24 05:15:00+00:00,25.049999237060547,25.25,25.0,25.0,11000,0.0,0.0
2024-12-24 05:20:00+00:00,25.049999237060547,25.25,25.049999237060547,25.25,2000,0.0,0.0
2024-12-25 01:00:00+00:00,25.049999237060547,25.25,25.0,25.0,0,0.0,0.0
2024-12-25 01:05:00+00:00,25.25,25.25,25.25,25.25,1154,0.0,0.0
2024-12-25 02:00:00+00:00,25.200000762939453,25.200000762939453,25.200000762939453,25.200000762939453,1000,0.0,0.0
2024-12-25 02:10:00+00:00,25.200000762939453,25.200000762939453,25.200000762939453,25.200000762939453,3002,0.0,0.0
2024-12-25 03:05:00+00:00,25.149999618530273,25.149999618530273,25.100000381469727,25.100000381469727,5003,0.0,0.0
2024-12-25 03:20:00+00:00,25.100000381469727,25.100000381469727,25.100000381469727,25.100000381469727,2000,0.0,0.0
2024-12-25 03:35:00+00:00,25.100000381469727,25.100000381469727,25.100000381469727,25.100000381469727,1000,0.0,0.0
2024-12-25 03:45:00+00:00,25.100000381469727,25.100000381469727,25.049999237060547,25.049999237060547,5000,0.0,0.0
2024-12-25 03:55:00+00:00,25.049999237060547,25.049999237060547,25.049999237060547,25.049999237060547,3000,0.0,0.0
2024-12-25 04:05:00+00:00,25.049999237060547,25.049999237060547,25.049999237060547,25.049999237060547,1100,0.0,0.0
2024-12-25 04:30:00+00:00,25.049999237060547,25.049999237060547,25.049999237060547,25.049999237060547,1000,0.0,0.0
2024-12-25 04:55:00+00:00,25.100000381469727,25.100000381469727,25.100000381469727,25.100000381469727,2000,0.0,0.0
2024-12-25 05:20:00+00:00,25.100000381469727,25.100000381469727,25.100000381469727,25.100000381469727,3000,0.0,0.0
2024-12-26 01:15:00+00:00,25.200000762939453,25.200000762939453,25.200000762939453,25.200000762939453,1000,0.0,0.0
2024-12-26 01:45:00+00:00,25.149999618530273,25.149999618530273,25.149999618530273,25.149999618530273,5021,0.0,0.0
2024-12-26 02:40:00+00:00,24.950000762939453,25.100000381469727,24.950000762939453,25.100000381469727,4100,0.0,0.0
2024-12-26 03:05:00+00:00,25.0,25.0,25.0,25.0,1007,0.0,0.0
2024-12-26 03:25:00+00:00,25.0,25.0,25.0,25.0,1000,0.0,0.0
2024-12-26 03:35:00+00:00,25.0,25.0,24.950000762939453,24.950000762939453,2474,0.0,0.0
2024-12-26 03:45:00+00:00,25.0,25.0,25.0,25.0,2001,0.0,0.0
2024-12-26 04:20:00+00:00,25.100000381469727,25.100000381469727,25.100000381469727,25.100000381469727,1000,0.0,0.0
2024-12-26 04:35:00+00:00,25.100000381469727,25.149999618530273,25.0,25.0,12000,0.0,0.0
2024-12-26 05:10:00+00:00,25.149999618530273,25.149999618530273,25.149999618530273,25.149999618530273,2001,0.0,0.0
2024-12-27 01:00:00+00:00,25.100000381469727,25.600000381469727,25.100000381469727,25.600000381469727,0,0.0,0.0
2024-12-27 01:45:00+00:00,25.100000381469727,25.100000381469727,25.0,25.0,5023,0.0,0.0
2024-12-27 02:00:00+00:00,25.049999237060547,25.049999237060547,25.049999237060547,25.049999237060547,2000,0.0,0.0
2024-12-27 03:00:00+00:00,25.049999237060547,25.049999237060547,25.0,25.0,5000,0.0,0.0
2024-12-27 03:05:00+00:00,25.0,25.0,25.0,25.0,3128,0.0,0.0
2024-12-27 03:50:00+00:00,25.0,25.0,25.0,25.0,1000,0.0,0.0
2024-12-27 04:20:00+00:00,25.0,25.0,25.0,25.0,1003,0.0,0.0
2024-12-27 05:05:00+00:00,25.0,25.0,25.0,25.0,1000,0.0,0.0
2024-12-30 01:00:00+00:00,24.850000381469727,24.850000381469727,24.850000381469727,24.850000381469727,0,0.0,0.0
2024-12-30 01:15:00+00:00,24.950000762939453,24.950000762939453,24.899999618530273,24.899999618530273,5000,0.0,0.0
2024-12-30 01:20:00+00:00,24.899999618530273,24.899999618530273,24.899999618530273,24.899999618530273,1350,0.0,0.0
2024-12-30 01:50:00+00:00,25.0,25.049999237060547,25.0,25.049999237060547,8630,0.0,0.0
2024-12-30 01:55:00+00:00,24.950000762939453,24.950000762939453,24.950000762939453,24.950000762939453,5000,0.0,0.0
2024-12-30 02:00:00+00:00,24.950000762939453,24.950000762939453,24.950000762939453,24.950000762939453,1802,0.0,0.0
2024-12-30 02:10:00+00:00,24.899999618530273,24.899999618530273,24.899999618530273,24.899999618530273,1001,0.0,0.0
2024-12-30 02:15:00+00:00,24.899999618530273,24.899999618530273,24.899999618530273,24.899999618530273,5000,0.0,0.0
2024-12-30 02:25:00+00:00,24.899999618530273,24.899999618530273,24.899999618530273,24.899999618530273,6000,0.0,0.0
2024-12-30 02:40:00+00:00,24.950000762939453,24.950000762939453,24.950000762939453,24.950000762939453,1000,0.0,0.0
2024-12-30 03:00:00+00:00,24.950000762939453,24.950000762939453,24.950000762939453,24.950000762939453,2050,0.0,0.0
2024-12-30 03:05:00+00:00,24.950000762939453,24.950000762939453,24.950000762939453,24.950000762939453,1000,0.0,0.0
2024-12-30 03:15:00+00:00,24.950000762939453,24.950000762939453,24.950000762939453,24.950000762939453,2000,0.0,0.0
2024-12-30 03:20:00+00:00,24.899999618530273,24.899999618530273,24.899999618530273,24.899999618530273,10001,0.0,0.0
2024-12-30 03:30:00+00:00,24.899999618530273,24.899999618530273,24.899999618530273,24.899999618530273,1001,0.0,0.0
2024-12-30 04:05:00+00:00,24.899999618530273,24.899999618530273,24.899999618530273,24.899999618530273,2001,0.0,0.0
2024-12-30 04:25:00+00:00,24.899999618530273,24.899999618530273,24.899999618530273,24.899999618530273,1402,0.0,0.0
2024-12-30 04:40:00+00:00,24.850000381469727,24.850000381469727,24.850000381469727,24.850000381469727,10420,0.0,0.0
2024-12-30 04:50:00+00:00,24.850000381469727,24.850000381469727,24.850000381469727,24.850000381469727,1000,0.0,0.0
2024-12-30 04:55:00+00:00,24.850000381469727,24.850000381469727,24.799999237060547,24.799999237060547,6000,0.0,0.0
2024-12-30 05:10:00+00:00,24.850000381469727,24.850000381469727,24.850000381469727,24.850000381469727,10000,0.0,0.0
2024-12-30 05:15:00+00:00,24.850000381469727,24.850000381469727,24.850000381469727,24.850000381469727,1534,0.0,0.0
2024-12-30 05:20:00+00:00,24.850000381469727,24.850000381469727,24.850000381469727,24.850000381469727,1000,0.0,0.0
2024-12-31 01:10:00+00:00,24.75,24.75,24.75,24.75,3069,0.0,0.0
2024-12-31 01:15:00+00:00,24.75,24.75,24.700000762939453,24.700000762939453,2000,0.0,0.0
2024-12-31 01:20:00+00:00,24.75,24.75,24.75,24.75,1000,0.0,0.0
2024-12-31 01:25:00+00:00,24.75,24.75,24.700000762939453,24.700000762939453,10010,0.0,0.0
2024-12-31 02:10:00+00:00,24.799999237060547,24.799999237060547,24.75,24.75,2000,0.0,0.0
2024-12-31 02:15:00+00:00,24.75,24.75,24.75,24.75,2001,0.0,0.0
2024-12-31 02:35:00+00:00,24.700000762939453,24.700000762939453,24.700000762939453,24.700000762939453,1200,0.0,0.0
2024-12-31 02:40:00+00:00,25.0,25.0,25.0,25.0,1000,0.0,0.0
2024-12-31 02:55:00+00:00,24.75,24.75,24.75,24.75,1000,0.0,0.0
2024-12-31 03:05:00+00:00,24.700000762939453,24.700000762939453,24.700000762939453,24.700000762939453,6014,0.0,0.0
2024-12-31 03:45:00+00:00,24.700000762939453,24.700000762939453,24.700000762939453,24.700000762939453,1203,0.0,0.0
2024-12-31 04:15:00+00:00,24.649999618530273,24.649999618530273,24.549999237060547,24.549999237060547,8101,0.0,0.0
2024-12-31 04:25:00+00:00,24.549999237060547,24.549999237060547,24.549999237060547,24.549999237060547,2000,0.0,0.0
2024-12-31 04:35:00+00:00,24.549999237060547,24.549999237060547,24.549999237060547,24.549999237060547,2063,0.0,0.0
2024-12-31 04:40:00+00:00,24.600000381469727,24.600000381469727,24.600000381469727,24.600000381469727,1150,0.0,0.0
2024-12-31 05:05:00+00:00,24.600000381469727,24.600000381469727,24.549999237060547,24.549999237060547,7162,0.0,0.0
2024-12-31 05:10:00+00:00,24.549999237060547,24.549999237060547,24.5,24.5,6000,0.0,0.0
2024-12-31 05:15:00+00:00,24.5,24.5,24.5,24.5,1000,0.0,0.0
2024-12-31 05:20:00+00:00,24.5,24.600000381469727,24.5,24.600000381469727,4100,0.0,0.0
2025-01-02 01:00:00+00:00,24.399999618530273,24.399999618530273,24.399999618530273,24.399999618530273,0,0.0,0.0
2025-01-02 01:10:00+00:00,24.399999618530273,24.399999618530273,24.200000762939453,24.200000762939453,6000,0.0,0.0
2025-01-02 01:20:00+00:00,24.399999618530273,24.399999618530273,24.399999618530273,24.399999618530273,2000,0.0,0.0
2025-01-02 01:25:00+00:00,24.399999618530273,24.399999618530273,24.399999618530273,24.399999618530273,2000,0.0,0.0
2025-01-02 01:30:00+00:00,24.399999618530273,24.399999618530273,24.299999237060547,24.299999237060547,4000,0.0,0.0
2025-01-02 01:35:00+00:00,24.299999237060547,24.299999237060547,24.299999237060547,24.299999237060547,4501,0.0,0.0
2025-01-02 01:40:00+00:00,24.25,24.25,24.25,24.25,1001,0.0,0.0
2025-01-02 01:45:00+00:00,24.25,24.299999237060547,24.25,24.299999237060547,4000,0.0,0.0
2025-01-02 01:50:00+00:00,24.299999237060547,24.299999237060547,24.299999237060547,24.299999237060547,4100,0.0,0.0
2025-01-02 01:55:00+00:00,24.25,24.25,24.25,24.25,6000,0.0,0.0
2025-01-02 02:05:00+00:00,24.25,24.25,24.25,24.25,2000,0.0,0.0
2025-01-02 02:10:00+00:00,24.299999237060547,24.299999237060547,24.299999237060547,24.299999237060547,1000,0.0,0.0
2025-01-02 02:20:00+00:00,24.25,24.25,24.25,24.25,2000,0.0,0.0
2025-01-02 02:30:00+00:00,24.200000762939453,24.200000762939453,24.200000762939453,24.200000762939453,1013,0.0,0.0
2025-01-02 02:40:00+00:00,24.200000762939453,24.200000762939453,24.200000762939453,24.200000762939453,1000,0.0,0.0
2025-01-02 02:50:00+00:00,24.200000762939453,24.200000762939453,24.200000762939453,24.200000762939453,2000,0.0,0.0
2025-01-02 02:55:00+00:00,24.200000762939453,24.299999237060547,24.200000762939453,24.299999237060547,2000,0.0,0.0
2025-01-02 03:00:00+00:00,24.25,24.25,24.25,24.25,1000,0.0,0.0
2025-01-02 03:05:00+00:00,24.200000762939453,24.200000762939453,24.200000762939453,24.200000762939453,5001,0.0,0.0
2025-01-02 03:10:00+00:00,24.149999618530273,24.149999618530273,24.149999618530273,24.149999618530273,2682,0.0,0.0
2025-01-02 03:15:00+00:00,24.149999618530273,24.149999618530273,24.100000381469727,24.100000381469727,6000,0.0,0.0
2025-01-02 03:20:00+00:00,24.149999618530273,24.149999618530273,24.149999618530273,24.149999618530273,4000,0.0,0.0
2025-01-02 03:25:00+00:00,24.100000381469727,24.100000381469727,24.100000381469727,24.100000381469727,1000,0.0,0.0
2025-01-02 03:35:00+00:00,24.100000381469727,24.100000381469727,24.100000381469727,24.100000381469727,2000,0.0,0.0
2025-01-02 03:40:00+00:00,24.100000381469727,24.399999618530273,24.100000381469727,24.399999618530273,2000,0.0,0.0
2025-01-02 03:50:00+00:00,24.100000381469727,24.100000381469727,24.100000381469727,24.100000381469727,1000,0.0,0.0
2025-01-02 03:55:00+00:00,24.100000381469727,24.100000381469727,24.100000381469727,24.100000381469727,1001,0.0,0.0
2025-01-02 04:00:00+00:00,24.100000381469727,24.100000381469727,24.100000381469727,24.100000381469727,1000,0.0,0.0
2025-01-02 04:10:00+00:00,24.350000381469727,24.350000381469727,24.100000381469727,24.100000381469727,3000,0.0,0.0
2025-01-02 04:15:00+00:00,24.100000381469727,24.100000381469727,24.100000381469727,24.100000381469727,3100,0.0,0.0
2025-01-02 04:25:00+00:00,24.049999237060547,24.350000381469727,24.049999237060547,24.350000381469727,2000,0.0,0.0
2025-01-02 04:35:00+00:00,24.100000381469727,24.100000381469727,24.100000381469727,24.100000381469727,3750,0.0,0.0
2025-01-02 04:45:00+00:00,24.100000381469727,24.100000381469727,24.100000381469727,24.100000381469727,2002,0.0,0.0
2025-01-02 05:00:00+00:00,24.100000381469727,24.100000381469727,24.100000381469727,24.100000381469727,1000,0.0,0.0
2025-01-02 05:10:00+00:00,24.049999237060547,24.049999237060547,24.049999237060547,24.049999237060547,1071,0.0,0.0
2025-01-02 05:20:00+00:00,24.049999237060547,24.25,24.049999237060547,24.25,2000,0.0,0.0
2025-01-03 01:30:00+00:00,24.0,24.0,24.0,24.0,2010,0.0,0.0
2025-01-03 01:50:00+00:00,24.100000381469727,24.100000381469727,24.100000381469727,24.100000381469727,2000,0.0,0.0
2025-01-03 01:55:00+00:00,24.100000381469727,24.100000381469727,24.100000381469727,24.100000381469727,7008,0.0,0.0
2025-01-03 02:20:00+00:00,24.100000381469727,24.100000381469727,24.100000381469727,24.100000381469727,1004,0.0,0.0
2025-01-03 03:10:00+00:00,24.200000762939453,24.200000762939453,24.200000762939453,24.200000762939453,1000,0.0,0.0
2025-01-03 03:15:00+00:00,24.149999618530273,24.149999618530273,24.149999618530273,24.149999618530273,1003,0.0,0.0
2025-01-03 04:55:00+00:00,24.049999237060547,24.049999237060547,24.0,24.0,7500,0.0,0.0
2025-01-03 05:05:00+00:00,24.049999237060547,24.049999237060547,24.049999237060547,24.049999237060547,1000,0.0,0.0
2025-01-06 01:05:00+00:00,24.149999618530273,24.149999618530273,24.149999618530273,24.149999618530273,0,0.0,0.0
2025-01-06 01:10:00+00:00,24.25,24.25,24.25,24.25,1051,0.0,0.0
2025-01-06 01:15:00+00:00,24.049999237060547,24.049999237060547,24.049999237060547,24.049999237060547,1049,0.0,0.0
2025-01-06 01:20:00+00:00,24.100000381469727,24.100000381469727,24.100000381469727,24.100000381469727,4000,0.0,0.0
2025-01-06 01:25:00+00:00,24.100000381469727,24.100000381469727,24.100000381469727,24.100000381469727,1000,0.0,0.0
2025-01-06 01:30:00+00:00,24.100000381469727,24.100000381469727,24.100000381469727,24.100000381469727,11000,0.0,0.0
2025-01-06 01:40:00+00:00,24.049999237060547,24.049999237060547,24.049999237060547,24.049999237060547,10000,0.0,0.0
2025-01-06 01:45:00+00:00,24.049999237060547,24.049999237060547,24.049999237060547,24.049999237060547,2000,0.0,0.0
2025-01-06 01:50:00+00:00,24.0,24.0,24.0,24.0,1050,0.0,0.0
2025-01-06 02:00:00+00:00,24.049999237060547,24.049999237060547,24.049999237060547,24.049999237060547,1010,0.0,0.0
2025-01-06 02:10:00+00:00,24.049999237060547,24.049999237060547,24.049999237060547,24.049999237060547,1001,0.0,0.0
2025-01-06 02:20:00+00:00,24.049999237060547,24.049999237060547,24.049999237060547,24.049999237060547,1000,0.0,0.0
2025-01-06 02:30:00+00:00,24.049999237060547,24.049999237060547,24.049999237060547,24.049999237060547,1070,0.0,0.0
2025-01-06 02:40:00+00:00,24.049999237060547,24.049999237060547,24.049999237060547,24.049999237060547,1448,0.0,0.0
2025-01-06 02:50:00+00:00,24.0,24.0,24.0,24.0,1000,0.0,0.0
2025-01-06 03:05:00+00:00,24.0,24.100000381469727,24.0,24.100000381469727,3000,0.0,0.0
2025-01-06 03:15:00+00:00,24.049999237060547,24.049999237060547,24.049999237060547,24.049999237060547,1000,0.0,0.0
2025-01-06 03:20:00+00:00,24.0,24.0,24.0,24.0,1000,0.0,0.0
2025-01-06 03:25:00+00:00,24.0,24.0,24.0,24.0,1000,0.0,0.0
2025-01-06 03:35:00+00:00,24.0,24.0,24.0,24.0,1000,0.0,0.0
2025-01-06 03:45:00+00:00,24.0,24.0,24.0,24.0,1068,0.0,0.0
2025-01-06 03:55:00+00:00,24.0,24.0,24.0,24.0,1000,0.0,0.0
2025-01-06 04:00:00+00:00,24.100000381469727,24.100000381469727,24.100000381469727,24.100000381469727,1000,0.0,0.0
2025-01-06 04:05:00+00:00,24.049999237060547,24.049999237060547,24.049999237060547,24.049999237060547,1000,0.0,0.0
2025-01-06 04:20:00+00:00,24.049999237060547,24.049999237060547,24.049999237060547,24.049999237060547,1000,0.0,0.0
2025-01-06 04:30:00+00:00,24.049999237060547,24.100000381469727,24.049999237060547,24.100000381469727,2000,0.0,0.0
2025-01-06 04:35:00+00:00,24.100000381469727,24.100000381469727,24.100000381469727,24.100000381469727,2000,0.0,0.0
2025-01-06 04:40:00+00:00,24.049999237060547,24.049999237060547,24.049999237060547,24.049999237060547,1000,0.0,0.0
2025-01-06 04:50:00+00:00,24.049999237060547,24.049999237060547,24.049999237060547,24.049999237060547,1001,0.0,0.0
2025-01-06 05:00:00+00:00,24.049999237060547,24.049999237060547,24.049999237060547,24.049999237060547,1000,0.0,0.0
2025-01-06 05:10:00+00:00,24.049999237060547,24.049999237060547,24.049999237060547,24.049999237060547,1000,0.0,0.0
2025-01-06 05:15:00+00:00,24.149999618530273,24.149999618530273,24.149999618530273,24.149999618530273,3000,0.0,0.0
2025-01-06 05:20:00+00:00,24.100000381469727,24.100000381469727,24.100000381469727,24.100000381469727,1711,0.0,0.0
2025-01-07 01:00:00+00:00,24.049999237060547,24.049999237060547,24.049999237060547,24.049999237060547,0,0.0,0.0
2025-01-07 01:05:00+00:00,24.049999237060547,24.049999237060547,24.049999237060547,24.049999237060547,1004,0.0,0.0
2025-01-07 01:10:00+00:00,24.049999237060547,24.049999237060547,24.049999237060547,24.049999237060547,4000,0.0,0.0
2025-01-07 01:25:00+00:00,24.299999237060547,24.299999237060547,24.299999237060547,24.299999237060547,1000,0.0,0.0
2025-01-07 01:30:00+00:00,24.299999237060547,24.299999237060547,24.299999237060547,24.299999237060547,1040,0.0,0.0
2025-01-07 02:05:00+00:00,24.299999237060547,24.299999237060547,24.299999237060547,24.299999237060547,1224,0.0,0.0
2025-01-07 04:10:00+00:00,24.200000762939453,24.200000762939453,24.200000762939453,24.200000762939453,1009,0.0,0.0
2025-01-07 04:40:00+00:00,24.200000762939453,24.200000762939453,24.200000762939453,24.200000762939453,1100,0.0,0.0
2025-01-07 04:50:00+00:00,24.100000381469727,24.100000381469727,24.100000381469727,24.100000381469727,7000,0.0,0.0
2025-01-07 04:55:00+00:00,24.049999237060547,24.049999237060547,24.0,24.0,5102,0.0,0.0
2025-01-07 05:00:00+00:00,24.0,24.0,24.0,24.0,2000,0.0,0.0
2025-01-07 05:05:00+00:00,23.899999618530273,23.899999618530273,23.899999618530273,23.899999618530273,3255,0.0,0.0
2025-01-07 05:10:00+00:00,23.899999618530273,23.899999618530273,23.899999618530273,23.899999618530273,1001,0.0,0.0
2025-01-07 05:15:00+00:00,23.899999618530273,23.899999618530273,23.899999618530273,23.899999618530273,4000,0.0,0.0
2025-01-07 05:20:00+00:00,23.899999618530273,23.899999618530273,23.899999618530273,23.899999618530273,3545,0.0,0.0
2025-01-08 01:15:00+00:00,23.75,23.75,23.75,23.75,6100,0.0,0.0
2025-01-08 01:20:00+00:00,23.649999618530273,23.649999618530273,23.549999237060547,23.649999618530273,4500,0.0,0.0
2025-01-08 01:25:00+00:00,23.899999618530273,23.899999618530273,23.899999618530273,23.899999618530273,1000,0.0,0.0
2025-01-08 01:35:00+00:00,23.700000762939453,23.700000762939453,23.700000762939453,23.700000762939453,2001,0.0,0.0
2025-01-08 01:40:00+00:00,23.700000762939453,23.700000762939453,23.700000762939453,23.700000762939453,1066,0.0,0.0
2025-01-08 02:00:00+00:00,23.799999237060547,23.899999618530273,23.799999237060547,23.899999618530273,3000,0.0,0.0
2025-01-08 02:15:00+00:00,23.700000762939453,23.950000762939453,23.5,23.950000762939453,12115,0.0,0.0
2025-01-08 02:55:00+00:00,23.899999618530273,24.100000381469727,23.899999618530273,24.100000381469727,9032,0.0,0.0
2025-01-08 03:10:00+00:00,23.899999618530273,23.899999618530273,23.899999618530273,23.899999618530273,2000,0.0,0.0
2025-01-08 03:30:00+00:00,23.899999618530273,23.899999618530273,23.899999618530273,23.899999618530273,1000,0.0,0.0
2025-01-08 03:40:00+00:00,24.0,24.0,24.0,24.0,2000,0.0,0.0
2025-01-08 04:25:00+00:00,24.100000381469727,24.25,24.100000381469727,24.25,9051,0.0,0.0
2025-01-08 04:40:00+00:00,24.450000762939453,24.649999618530273,24.450000762939453,24.649999618530273,16000,0.0,0.0
2025-01-08 04:45:00+00:00,24.649999618530273,24.649999618530273,24.649999618530273,24.649999618530273,4000,0.0,0.0
2025-01-08 05:10:00+00:00,24.649999618530273,24.649999618530273,24.649999618530273,24.649999618530273,1000,0.0,0.0
2025-01-08 05:15:00+00:00,24.549999237060547,24.549999237060547,24.5,24.5,3000,0.0,0.0
2025-01-08 05:20:00+00:00,24.649999618530273,24.649999618530273,24.649999618530273,24.649999618530273,1100,0.0,0.0
2025-01-09 01:20:00+00:00,24.149999618530273,24.149999618530273,24.100000381469727,24.100000381469727,2002,0.0,0.0
2025-01-09 01:35:00+00:00,24.25,24.25,24.200000762939453,24.200000762939453,7000,0.0,0.0
2025-01-09 01:55:00+00:00,24.200000762939453,24.200000762939453,24.200000762939453,24.200000762939453,4000,0.0,0.0
2025-01-09 02:20:00+00:00,24.200000762939453,24.200000762939453,24.200000762939453,24.200000762939453,3010,0.0,0.0
2025-01-09 03:05:00+00:00,24.200000762939453,24.200000762939453,24.200000762939453,24.200000762939453,1131,0.0,0.0
2025-01-09 03:30:00+00:00,24.200000762939453,24.200000762939453,24.100000381469727,24.200000762939453,9001,0.0,0.0
2025-01-09 04:15:00+00:00,24.049999237060547,24.049999237060547,24.0,24.0,3563,0.0,0.0
2025-01-09 04:35:00+00:00,24.049999237060547,24.049999237060547,24.0,24.0,4000,0.0,0.0
2025-01-09 04:40:00+00:00,23.950000762939453,23.950000762939453,23.950000762939453,23.950000762939453,2001,0.0,0.0
2025-01-09 04:45:00+00:00,23.899999618530273,23.899999618530273,23.899999618530273,23.899999618530273,3421,0.0,0.0
2025-01-09 04:55:00+00:00,23.899999618530273,23.899999618530273,23.899999618530273,23.899999618530273,1000,0.0,0.0
2025-01-09 05:05:00+00:00,23.899999618530273,23.899999618530273,23.899999618530273,23.899999618530273,1000,0.0,0.0
2025-01-09 05:10:00+00:00,23.850000381469727,23.850000381469727,23.850000381469727,23.850000381469727,1000,0.0,0.0
2025-01-09 05:20:00+00:00,23.899999618530273,23.899999618530273,23.850000381469727,23.850000381469727,2540,0.0,0.0
2025-01-10 01:00:00+00:00,23.700000762939453,23.700000762939453,23.700000762939453,23.700000762939453,0,0.0,0.0
2025-01-10 01:10:00+00:00,23.700000762939453,23.700000762939453,23.700000762939453,23.700000762939453,4100,0.0,0.0
2025-01-10 01:35:00+00:00,23.700000762939453,23.700000762939453,23.700000762939453,23.700000762939453,1000,0.0,0.0
2025-01-10 01:45:00+00:00,23.700000762939453,23.700000762939453,23.700000762939453,23.700000762939453,2000,0.0,0.0
2025-01-10 01:50:00+00:00,23.649999618530273,23.649999618530273,23.649999618530273,23.649999618530273,1000,0.0,0.0
2025-01-10 01:55:00+00:00,23.649999618530273,23.649999618530273,23.649999618530273,23.649999618530273,1330,0.0,0.0
2025-01-10 02:15:00+00:00,23.75,23.75,23.75,23.75,4001,0.0,0.0
2025-01-10 02:20:00+00:00,23.75,23.75,23.75,23.75,1146,0.0,0.0
2025-01-10 02:25:00+00:00,23.75,23.75,23.75,23.75,1000,0.0,0.0
2025-01-10 02:30:00+00:00,23.950000762939453,23.950000762939453,23.950000762939453,23.950000762939453,4051,0.0,0.0
2025-01-10 03:05:00+00:00,23.799999237060547,23.799999237060547,23.799999237060547,23.799999237060547,1000,0.0,0.0
2025-01-10 03:10:00+00:00,23.799999237060547,23.950000762939453,23.799999237060547,23.950000762939453,3001,0.0,0.0
2025-01-10 03:25:00+00:00,23.950000762939453,23.950000762939453,23.950000762939453,23.950000762939453,1067,0.0,0.0
2025-01-10 03:45:00+00:00,23.899999618530273,23.899999618530273,23.899999618530273,23.899999618530273,1000,0.0,0.0
2025-01-10 04:10:00+00:00,23.899999618530273,23.899999618530273,23.899999618530273,23.899999618530273,1000,0.0,0.0
2025-01-10 04:40:00+00:00,23.899999618530273,23.950000762939453,23.899999618530273,23.950000762939453,12000,0.0,0.0
2025-01-10 04:45:00+00:00,23.850000381469727,23.850000381469727,23.850000381469727,23.850000381469727,2000,0.0,0.0
2025-01-10 04:55:00+00:00,23.899999618530273,23.950000762939453,23.899999618530273,23.950000762939453,2002,0.0,0.0
2025-01-10 05:20:00+00:00,23.950000762939453,23.950000762939453,23.950000762939453,23.950000762939453,2000,0.0,0.0
2025-01-13 01:00:00+00:00,23.5,23.5,23.5,23.5,0,0.0,0.0
2025-01-13 01:05:00+00:00,23.549999237060547,23.549999237060547,23.549999237060547,23.549999237060547,1614,0.0,0.0
2025-01-13 01:10:00+00:00,23.549999237060547,23.549999237060547,23.549999237060547,23.549999237060547,3000,0.0,0.0
2025-01-13 01:15:00+00:00,23.5,23.5,23.350000381469727,23.350000381469727,10000,0.0,0.0
2025-01-13 01:25:00+00:00,23.25,23.25,23.25,23.25,4102,0.0,0.0
2025-01-13 01:30:00+00:00,23.200000762939453,23.799999237060547,23.200000762939453,23.799999237060547,20001,0.0,0.0
2025-01-13 01:35:00+00:00,23.700000762939453,23.700000762939453,23.700000762939453,23.700000762939453,3000,0.0,0.0
2025-01-13 01:40:00+00:00,23.700000762939453,23.799999237060547,23.600000381469727,23.649999618530273,10000,0.0,0.0
2025-01-13 01:45:00+00:00,23.600000381469727,23.600000381469727,23.5,23.5,5000,0.0,0.0
2025-01-13 01:50:00+00:00,23.649999618530273,23.75,23.649999618530273,23.75,8001,0.0,0.0
2025-01-13 02:00:00+00:00,23.75,23.850000381469727,23.600000381469727,23.850000381469727,7000,0.0,0.0
2025-01-13 02:05:00+00:00,23.600000381469727,23.600000381469727,23.600000381469727,23.600000381469727,1000,0.0,0.0
2025-01-13 02:10:00+00:00,23.700000762939453,23.700000762939453,23.700000762939453,23.700000762939453,5000,0.0,0.0
2025-01-13 02:15:00+00:00,23.700000762939453,23.700000762939453,23.700000762939453,23.700000762939453,1000,0.0,0.0
2025-01-13 02:25:00+00:00,23.600000381469727,23.600000381469727,23.600000381469727,23.600000381469727,1031,0.0,0.0
2025-01-13 02:45:00+00:00,23.799999237060547,23.850000381469727,23.799999237060547,23.850000381469727,2000,0.0,0.0
2025-01-13 02:50:00+00:00,23.899999618530273,23.899999618530273,23.899999618530273,23.899999618530273,2048,0.0,0.0
2025-01-13 03:20:00+00:00,23.649999618530273,23.649999618530273,23.649999618530273,23.649999618530273,1001,0.0,0.0
2025-01-13 03:30:00+00:00,23.649999618530273,23.899999618530273,23.649999618530273,23.899999618530273,13000,0.0,0.0
2025-01-13 03:35:00+00:00,23.700000762939453,23.700000762939453,23.700000762939453,23.700000762939453,2001,0.0,0.0
2025-01-13 04:00:00+00:00,23.700000762939453,23.75,23.700000762939453,23.75,4000,0.0,0.0
2025-01-13 04:20:00+00:00,23.700000762939453,23.700000762939453,23.700000762939453,23.700000762939453,2069,0.0,0.0
2025-01-13 04:40:00+00:00,23.700000762939453,23.700000762939453,23.700000762939453,23.700000762939453,2001,0.0,0.0
2025-01-13 04:50:00+00:00,23.700000762939453,23.700000762939453,23.700000762939453,23.700000762939453,1000,0.0,0.0
2025-01-13 04:55:00+00:00,23.799999237060547,23.799999237060547,23.799999237060547,23.799999237060547,1003,0.0,0.0
2025-01-13 05:10:00+00:00,23.850000381469727,23.850000381469727,23.850000381469727,23.850000381469727,3001,0.0,0.0
2025-01-13 05:15:00+00:00,23.850000381469727,23.850000381469727,23.850000381469727,23.850000381469727,2000,0.0,0.0
2025-01-14 01:15:00+00:00,24.25,24.25,24.25,24.25,1013,0.0,0.0
2025-01-14 01:55:00+00:00,24.200000762939453,24.200000762939453,24.200000762939453,24.200000762939453,2003,0.0,0.0
2025-01-14 02:20:00+00:00,24.049999237060547,24.049999237060547,24.049999237060547,24.049999237060547,1000,0.0,0.0
2025-01-14 02:25:00+00:00,23.950000762939453,23.950000762939453,23.950000762939453,23.950000762939453,2001,0.0,0.0
2025-01-14 02:50:00+00:00,24.0,24.0,24.0,24.0,1001,0.0,0.0
2025-01-14 03:05:00+00:00,24.049999237060547,24.049999237060547,24.049999237060547,24.049999237060547,1001,0.0,0.0
2025-01-14 03:25:00+00:00,24.049999237060547,24.049999237060547,24.049999237060547,24.049999237060547,1000,0.0,0.0
2025-01-14 03:30:00+00:00,24.100000381469727,24.100000381469727,24.100000381469727,24.100000381469727,1001,0.0,0.0
2025-01-14 03:35:00+00:00,24.100000381469727,24.100000381469727,24.100000381469727,24.100000381469727,1000,0.0,0.0
2025-01-14 03:40:00+00:00,24.100000381469727,24.100000381469727,24.100000381469727,24.100000381469727,2002,0.0,0.0
2025-01-14 04:20:00+00:00,24.049999237060547,24.049999237060547,24.049999237060547,24.049999237060547,1000,0.0,0.0
2025-01-14 04:30:00+00:00,24.049999237060547,24.049999237060547,24.049999237060547,24.049999237060547,4023,0.0,0.0
2025-01-14 04:45:00+00:00,24.049999237060547,24.049999237060547,24.0,24.0,6198,0.0,0.0
2025-01-14 05:10:00+00:00,24.0,24.0,24.0,24.0,1004,0.0,0.0
2025-01-15 01:05:00+00:00,23.649999618530273,23.649999618530273,23.5,23.5,3016,0.0,0.0
2025-01-15 01:10:00+00:00,24.350000381469727,24.350000381469727,24.350000381469727,24.350000381469727,2000,0.0,0.0
2025-01-15 01:15:00+00:00,24.350000381469727,24.350000381469727,24.350000381469727,24.350000381469727,2001,0.0,0.0
2025-01-15 01:25:00+00:00,24.350000381469727,24.350000381469727,24.350000381469727,24.350000381469727,3000,0.0,0.0
2025-01-15 01:30:00+00:00,24.399999618530273,24.549999237060547,24.399999618530273,24.549999237060547,19000,0.0,0.0
2025-01-15 01:35:00+00:00,24.799999237060547,24.950000762939453,24.450000762939453,24.450000762939453,6000,0.0,0.0
2025-01-15 02:00:00+00:00,24.850000381469727,24.899999618530273,24.799999237060547,24.899999618530273,5517,0.0,0.0
2025-01-15 02:05:00+00:00,24.649999618530273,24.649999618530273,24.600000381469727,24.600000381469727,4000,0.0,0.0
2025-01-15 02:10:00+00:00,24.700000762939453,24.700000762939453,24.700000762939453,24.700000762939453,2002,0.0,0.0
2025-01-15 02:35:00+00:00,24.600000381469727,24.600000381469727,24.600000381469727,24.600000381469727,1001,0.0,0.0
2025-01-15 02:40:00+00:00,24.600000381469727,24.600000381469727,24.600000381469727,24.600000381469727,1001,0.0,0.0
2025-01-15 02:45:00+00:00,24.600000381469727,24.600000381469727,24.600000381469727,24.600000381469727,1031,0.0,0.0
2025-01-15 03:25:00+00:00,24.600000381469727,24.600000381469727,24.600000381469727,24.600000381469727,6001,0.0,0.0
2025-01-15 04:20:00+00:00,24.649999618530273,24.649999618530273,24.649999618530273,24.649999618530273,4120,0.0,0.0
2025-01-15 04:30:00+00:00,24.700000762939453,24.700000762939453,24.700000762939453,24.700000762939453,2001,0.0,0.0
2025-01-15 04:35:00+00:00,24.700000762939453,24.700000762939453,24.700000762939453,24.700000762939453,1000,0.0,0.0
2025-01-15 04:40:00+00:00,24.75,24.75,24.75,24.75,2021,0.0,0.0
2025-01-15 05:05:00+00:00,24.700000762939453,24.700000762939453,24.700000762939453,24.700000762939453,2111,0.0,0.0
2025-01-15 05:20:00+00:00,24.75,24.75,24.700000762939453,24.700000762939453,3000,0.0,0.0
2025-01-16 01:00:00+00:00,25.100000381469727,25.5,25.100000381469727,25.5,0,0.0,0.0
2025-01-16 01:05:00+00:00,25.600000381469727,25.600000381469727,25.049999237060547,25.049999237060547,12008,0.0,0.0
2025-01-16 01:10:00+00:00,25.200000762939453,25.450000762939453,25.200000762939453,25.450000762939453,2013,0.0,0.0
2025-01-16 01:15:00+00:00,25.450000762939453,25.450000762939453,25.299999237060547,25.450000762939453,15000,0.0,0.0
2025-01-16 01:20:00+00:00,25.399999618530273,25.600000381469727,25.399999618530273,25.600000381469727,26021,0.0,0.0
2025-01-16 01:25:00+00:00,25.600000381469727,25.649999618530273,25.600000381469727,25.600000381469727,15090,0.0,0.0
2025-01-16 01:30:00+00:00,25.450000762939453,25.450000762939453,25.350000381469727,25.350000381469727,15000,0.0,0.0
2025-01-16 01:35:00+00:00,25.350000381469727,25.350000381469727,25.350000381469727,25.350000381469727,1001,0.0,0.0
2025-01-16 01:40:00+00:00,25.5,25.549999237060547,25.5,25.5,12000,0.0,0.0
2025-01-16 01:45:00+00:00,25.5,25.5,25.5,25.5,1000,0.0,0.0
2025-01-16 01:55:00+00:00,25.450000762939453,25.450000762939453,25.450000762939453,25.450000762939453,1000,0.0,0.0
2025-01-16 02:10:00+00:00,25.350000381469727,25.450000762939453,25.200000762939453,25.200000762939453,19000,0.0,0.0
2025-01-16 02:20:00+00:00,25.299999237060547,25.299999237060547,25.299999237060547,25.299999237060547,2002,0.0,0.0
2025-01-16 02:40:00+00:00,25.299999237060547,25.299999237060547,25.299999237060547,25.299999237060547,3008,0.0,0.0
2025-01-16 03:05:00+00:00,25.399999618530273,25.399999618530273,25.100000381469727,25.350000381469727,10000,0.0,0.0
2025-01-16 03:10:00+00:00,25.399999618530273,25.399999618530273,25.399999618530273,25.399999618530273,1005,0.0,0.0
2025-01-16 03:30:00+00:00,25.350000381469727,25.350000381469727,25.350000381469727,25.350000381469727,1001,0.0,0.0
2025-01-16 05:05:00+00:00,25.200000762939453,25.200000762939453,25.200000762939453,25.200000762939453,1764,0.0,0.0
2025-01-16 05:10:00+00:00,25.200000762939453,25.25,25.200000762939453,25.25,3000,0.0,0.0
2025-01-16 05:15:00+00:00,25.149999618530273,25.25,25.149999618530273,25.25,4001,0.0,0.0
2025-01-16 05:20:00+00:00,25.200000762939453,25.200000762939453,25.200000762939453,25.200000762939453,1000,0.0,0.0
2025-01-17 01:00:00+00:00,25.600000381469727,25.600000381469727,25.600000381469727,25.600000381469727,0,0.0,0.0
2025-01-17 01:30:00+00:00,25.299999237060547,25.299999237060547,25.200000762939453,25.200000762939453,9000,0.0,0.0
2025-01-17 01:35:00+00:00,25.450000762939453,25.450000762939453,25.450000762939453,25.450000762939453,1000,0.0,0.0
2025-01-17 01:40:00+00:00,25.299999237060547,25.299999237060547,25.299999237060547,25.299999237060547,3001,0.0,0.0
2025-01-17 01:45:00+00:00,25.299999237060547,25.299999237060547,25.299999237060547,25.299999237060547,1000,0.0,0.0
2025-01-17 01:50:00+00:00,25.25,25.350000381469727,25.25,25.25,3001,0.0,0.0
2025-01-17 02:00:00+00:00,25.350000381469727,25.350000381469727,25.350000381469727,25.350000381469727,2561,0.0,0.0
2025-01-17 02:30:00+00:00,25.299999237060547,25.299999237060547,25.299999237060547,25.299999237060547,3004,0.0,0.0
2025-01-17 02:50:00+00:00,25.25,25.25,25.25,25.25,1001,0.0,0.0
2025-01-17 03:20:00+00:00,25.200000762939453,25.200000762939453,25.200000762939453,25.200000762939453,1000,0.0,0.0
2025-01-17 03:25:00+00:00,25.200000762939453,25.200000762939453,25.200000762939453,25.200000762939453,1000,0.0,0.0
2025-01-17 04:45:00+00:00,25.200000762939453,25.200000762939453,25.200000762939453,25.200000762939453,5857,0.0,0.0
2025-01-17 04:50:00+00:00,25.299999237060547,25.299999237060547,25.200000762939453,25.200000762939453,3006,0.0,0.0
2025-01-17 05:15:00+00:00,25.200000762939453,25.200000762939453,25.200000762939453,25.200000762939453,1000,0.0,0.0
2025-01-17 05:20:00+00:00,25.149999618530273,25.200000762939453,25.149999618530273,25.200000762939453,2000,0.0,0.0
2025-01-20 01:00:00+00:00,24.299999237060547,25.399999618530273,24.299999237060547,25.399999618530273,0,0.0,0.0
2025-01-20 01:10:00+00:00,25.299999237060547,25.299999237060547,24.799999237060547,24.799999237060547,3022,0.0,0.0
2025-01-20 01:30:00+00:00,24.75,25.299999237060547,24.75,25.299999237060547,4295,0.0,0.0
2025-01-20 02:25:00+00:00,24.899999618530273,24.899999618530273,24.899999618530273,24.899999618530273,2012,0.0,0.0
2025-01-20 02:55:00+00:00,25.149999618530273,25.149999618530273,25.149999618530273,25.149999618530273,1000,0.0,0.0
2025-01-20 03:25:00+00:00,24.950000762939453,24.950000762939453,24.950000762939453,24.950000762939453,1012,0.0,0.0
2025-01-20 04:05:00+00:00,24.899999618530273,24.899999618530273,24.899999618530273,24.899999618530273,2018,0.0,0.0
2025-01-20 05:10:00+00:00,24.799999237060547,24.799999237060547,24.799999237060547,24.799999237060547,1000,0.0,0.0
2025-01-20 05:20:00+00:00,24.75,24.75,24.75,24.75,2225,0.0,0.0
2025-01-21 01:00:00+00:00,25.049999237060547,25.049999237060547,25.0,25.0,0,0.0,0.0
2025-01-21 01:15:00+00:00,25.0,25.200000762939453,25.0,25.200000762939453,2000,0.0,0.0
2025-01-21 01:20:00+00:00,25.049999237060547,25.399999618530273,25.049999237060547,25.399999618530273,2002,0.0,0.0
2025-01-21 01:30:00+00:00,25.200000762939453,25.200000762939453,25.200000762939453,25.200000762939453,1000,0.0,0.0
2025-01-21 01:35:00+00:00,25.100000381469727,25.100000381469727,25.100000381469727,25.100000381469727,1000,0.0,0.0
2025-01-21 01:40:00+00:00,25.100000381469727,25.100000381469727,25.100000381469727,25.100000381469727,1003,0.0,0.0
2025-01-21 01:45:00+00:00,25.350000381469727,25.350000381469727,25.350000381469727,25.350000381469727,1000,0.0,0.0
2025-01-21 01:50:00+00:00,25.350000381469727,25.350000381469727,25.350000381469727,25.350000381469727,1301,0.0,0.0
2025-01-21 02:05:00+00:00,25.25,25.25,25.25,25.25,1184,0.0,0.0
2025-01-21 02:20:00+00:00,25.299999237060547,25.299999237060547,25.299999237060547,25.299999237060547,4076,0.0,0.0
2025-01-21 03:35:00+00:00,25.299999237060547,25.299999237060547,25.299999237060547,25.299999237060547,1002,0.0,0.0
2025-01-21 04:20:00+00:00,25.299999237060547,25.299999237060547,25.299999237060547,25.299999237060547,1071,0.0,0.0
2025-01-21 04:55:00+00:00,25.200000762939453,25.200000762939453,25.200000762939453,25.200000762939453,1000,0.0,0.0
2025-01-21 05:00:00+00:00,25.149999618530273,25.149999618530273,25.149999618530273,25.149999618530273,1102,0.0,0.0
2025-01-21 05:20:00+00:00,25.100000381469727,25.100000381469727,25.100000381469727,25.100000381469727,2050,0.0,0.0
2025-01-22 03:40:00+00:00,25.25,25.25,25.25,25.25,1013,0.0,0.0
2025-01-22 04:50:00+00:00,24.799999237060547,24.799999237060547,24.799999237060547,24.799999237060547,1000,0.0,0.0
2025-01-22 04:55:00+00:00,25.149999618530273,25.200000762939453,25.149999618530273,25.200000762939453,2002,0.0,0.0
2025-01-22 05:10:00+00:00,25.200000762939453,25.200000762939453,25.200000762939453,25.200000762939453,1002,0.0,0.0
2025-01-22 05:20:00+00:00,25.149999618530273,25.149999618530273,25.149999618530273,25.149999618530273,1000,0.0,0.0
